split,n,accuracy,balanced_accuracy,auroc,auprc,sensitivity,specificity,precision,f1,tn,fp,fn,tp,threshold,positive_class
id_val,500,0.944,0.944,0.9925120000000001,0.9931636870915638,0.904,0.984,0.9826086956521739,0.9416666666666667,246,4,24,226,0.5,1
ood_val,2000,0.5135,0.5135,0.7396559999999999,0.6613778452525392,0.065,0.962,0.6310679611650486,0.11786038077969174,962,38,935,65,0.5,1
