model,model_label,center,n,label0,label1,accuracy,auroc,auprc,sensitivity,specificity,loss
groupdro,7F GroupDRO (primary candidate),0,6011,3032,2979,0.8552653468640825,0.9338450729424352,0.9449719577390954,0.7667002349781806,0.9422823218997362,0.4340651839623544
groupdro,7F GroupDRO (primary candidate),3,12879,6483,6396,0.8790278748350027,0.9603449687097163,0.9651338878243699,0.7851782363977486,0.9716180780502853,0.3629179993848652
groupdro,7F GroupDRO (primary candidate),4,14670,7437,7233,0.8030674846625767,0.8979748240908222,0.8748575457887731,0.7284667496197982,0.8756218905472637,0.4812249442600702
centerstrat_erm,7F center-stratified ERM (matched control),0,6011,3032,2979,0.8486108800532357,0.9148666877465035,0.9315822601838708,0.7807989258140315,0.9152374670184696,0.4645460095194956
centerstrat_erm,7F center-stratified ERM (matched control),3,12879,6483,6396,0.8989828402826306,0.9610872646476081,0.9676863682020718,0.8384928080050031,0.9586611136819374,0.34565789226801585
centerstrat_erm,7F center-stratified ERM (matched control),4,14670,7437,7233,0.6901158827539196,0.8322561249599636,0.8013575726653663,0.5031107424305268,0.871991394379454,0.6120940915738998
