split,n,accuracy,balanced_accuracy,auroc,auprc,sensitivity,specificity,precision,f1,tn,fp,fn,tp,threshold,positive_class
id_val,500,0.958,0.958,0.993344,0.9940354756822567,0.94,0.976,0.975103734439834,0.9572301425661914,244,6,15,235,0.5,1
ood_val,2000,0.5055,0.5055000000000001,0.731698,0.6244157739941932,0.084,0.927,0.535031847133758,0.14520311149524634,927,73,916,84,0.5,1
