model,model_label,split,n,accuracy,balanced_accuracy,auroc,auprc,sensitivity,specificity,precision,f1,tn,fp,fn,tp
groupdro,7F GroupDRO (primary candidate),id_val,33560,0.8415673420738975,0.8407109732250917,0.9322560765475407,0.9321793201142423,0.7571652215799615,0.9242567248702218,0.907352622844361,0.8254833098106148,15668,1284,4033,12575
groupdro,7F GroupDRO (primary candidate),ood_val,34904,0.7847238138895255,0.7847238138895256,0.8956091243936612,0.8957947783716276,0.6406715562686225,0.9287760715104286,0.8999517063747585,0.7484937742669702,16209,1243,6271,11181
centerstrat_erm,7F center-stratified ERM (matched control),id_val,33560,0.7986591179976162,0.7974762812101902,0.9085377911087047,0.9130669693422481,0.6820809248554913,0.9128716375648891,0.8846544318625537,0.7702716485907593,15475,1477,5280,11328
centerstrat_erm,7F center-stratified ERM (matched control),ood_val,34904,0.7674765069906028,0.7674765069906028,0.8672713836120831,0.8757234698151578,0.6073802429520971,0.9275727710291084,0.8934592043155766,0.7231545913494338,16188,1264,6852,10600
