model,variant,temperature,ece,brier,nll
center-strat ERM (7F),raw,,0.4983580166727227,0.5059286765495025,3.4859335007515924
center-strat ERM (7F),calibrated,3.9239485263824463,0.36980630679533355,0.37591312708951174,1.0671910004680079
GroupDRO (7F),raw,,0.42583545411002,0.4277639962908632,1.9138636904406343
GroupDRO (7F),calibrated,3.6570000648498535,0.2528521683225408,0.28964144228957467,0.7908201963939322
