model,model_label,matched_new_cache,n,accuracy,balanced_accuracy,auroc,auprc,sensitivity,specificity,precision,f1,tn,fp,fn,tp
erm7f,7F center-strat ERM [NEW],True,2000,0.4765,0.4765,0.6180269999999999,0.521417092650106,0.01,0.943,0.14925373134328357,0.01874414245548266,943,57,990,10
groupdro7f,7F GroupDRO [NEW],True,2000,0.5065,0.5065,0.7128789999999999,0.6287492248988467,0.07,0.943,0.5511811023622047,0.12422360248447208,943,57,930,70
plain_old,old plain ERM (4A/5A) [old cache],False,2000,0.6195,0.6194999999999999,0.769597,0.679304126132547,0.405,0.834,0.7092819614711033,0.5155951623169956,834,166,595,405
stain7a_old,old 7A stain-aug [old cache],False,2000,0.529,0.529,0.749203,0.6880698237551657,0.096,0.962,0.7164179104477612,0.16931216931216933,962,38,904,96
stain7d_old,old 7D stain-aug v2 [old cache],False,2000,0.5135,0.5135,0.7396559999999999,0.6613778452525392,0.065,0.962,0.6310679611650486,0.11786038077969174,962,38,935,65
stain7e_old,old 7E stain-space [old cache],False,2000,0.5055,0.5055000000000001,0.731698,0.6244157739941932,0.084,0.927,0.535031847133758,0.14520311149524634,927,73,916,84
