model,model_label,variant,temperature,n,accuracy,balanced_accuracy,auroc,auprc,sensitivity,specificity,precision,f1,tn,fp,fn,tp,threshold,positive_class,warnings
groupdro,7F GroupDRO (authorized final primary),raw,1.0,85054,0.5337197545089002,0.5337197545089002,0.6633704256200204,0.63641261236421,0.11056505278999224,0.9568744562278082,0.7194002447980417,0.19167193200578847,40693,1834,37825,4702,0.5,1,
groupdro,7F GroupDRO (authorized final primary),calibrated,2.974907,85054,0.5337197545089002,0.5337197545089002,0.6633704256200204,0.63641261236421,0.11056505278999224,0.9568744562278082,0.7194002447980417,0.19167193200578847,40693,1834,37825,4702,0.5,1,
centerstrat_erm,7F center-stratified ERM (authorized matched control),raw,1.0,85054,0.5711547957768006,0.5711547957768006,0.6984352121958427,0.6556283801091156,0.24107037881816257,0.9012392127354386,0.7093827843897038,0.3598518752522859,38327,4200,32275,10252,0.5,1,
centerstrat_erm,7F center-stratified ERM (authorized matched control),calibrated,3.496293,85054,0.5711547957768006,0.5711547957768006,0.6984352121958427,0.6556283801091156,0.24107037881816257,0.9012392127354386,0.7093827843897038,0.3598518752522859,38327,4200,32275,10252,0.5,1,
