model,model_label,center,n,label0,label1,accuracy,sensitivity,specificity,loss
erm7f,7F center-strat ERM [NEW],0,150,75,75,0.9066666666666666,0.92,0.8933333333333333,0.21318760204133633
erm7f,7F center-strat ERM [NEW],3,150,75,75,0.9333333333333333,0.88,0.9866666666666667,0.26806724969534135
erm7f,7F center-strat ERM [NEW],4,150,75,75,0.8866666666666667,0.88,0.8933333333333333,0.26323174247035314
groupdro7f,7F GroupDRO [NEW],0,150,75,75,0.9133333333333333,0.8933333333333333,0.9333333333333333,0.21789864142430573
groupdro7f,7F GroupDRO [NEW],3,150,75,75,0.92,0.8533333333333334,0.9866666666666667,0.22441675543911382
groupdro7f,7F GroupDRO [NEW],4,150,75,75,0.86,0.8266666666666667,0.8933333333333333,0.3368084291397508
