model,model_label,split,n,auroc,auprc
plain,plain ERM (4A/5A),id_val,500,0.993264,0.994314468974054
plain,plain ERM (4A/5A),ood_val,2000,0.769597,0.679304126132547
stain,stain-aug (7A),id_val,500,0.99376,0.9940396510507716
stain,stain-aug (7A),ood_val,2000,0.749203,0.6880698237551657
