variant,temperature,n,accuracy,balanced_accuracy,auroc,auprc,sensitivity,specificity,precision,f1,tn,fp,fn,tp,threshold,positive_class,ece,brier,nll,n_bins
raw,3.122415542602539,2000,0.6195,0.6194999999999999,0.769597,0.679304126132547,0.405,0.834,0.7092819614711033,0.5155951623169956,834,166,595,405,0.5,1,0.23296646773076515,0.2759439525995791,0.9151578960065593,15
calibrated,3.122415542602539,2000,0.6195,0.6194999999999999,0.769597,0.6793049289884201,0.405,0.834,0.7092819614711033,0.5155951623169956,834,166,595,405,0.5,1,0.09182968122302555,0.21600512708514555,0.6088143147604885,15
