model,variant,temperature,ece,brier,nll
plain ERM,raw,,0.23296646773076515,0.2759439525995791,0.9151578960065593
plain ERM,calibrated,3.122415542602539,0.09182968122302555,0.21600512708514555,0.6088143147604885
stain-aug ERM,raw,,0.35595948383205295,0.35705626176268807,1.106019053138406
stain-aug ERM,calibrated,3.2101738452911377,0.19083274307660758,0.2473965395472734,0.6802513995050525
