split,n,accuracy,balanced_accuracy,auroc,auprc,sensitivity,specificity,precision,f1,tn,fp,fn,tp,threshold,positive_class
id_val,500,0.948,0.948,0.99376,0.9940396510507716,0.908,0.988,0.9869565217391304,0.9458333333333333,247,3,23,227,0.5,1
ood_val,2000,0.529,0.529,0.749203,0.6880698237551657,0.096,0.962,0.7164179104477612,0.16931216931216933,962,38,904,96,0.5,1
