variant,n,accuracy,auroc,auprc,sensitivity,specificity,f1,fn
id_val,500,0.964,0.993264,0.994314,0.944,0.984,0.963265,14
ood_val_raw,2000,0.6195,0.769597,0.679304,0.405,0.834,0.515595,595
