{
  "milestone": "7G",
  "description": "Calibration (temperature scaling on ood_val) + candidate operating-point audit of the two matched 7F center-stratified models. CSV/logit-only; no training/inference; ood_test never read.",
  "positive_class": 1,
  "n_ece_bins": 15,
  "fair_comparison": "center-strat ERM (7F) vs GroupDRO (7F) - same 7F-1 cache",
  "models": {
    "centerstrat_erm": {
      "name": "center-strat ERM (7F)",
      "temperature": 3.9239485263824463,
      "calibration": {
        "raw": {
          "n": 2000,
          "ece": 0.4983580166727227,
          "brier": 0.5059286765495025,
          "nll": 3.4859335007515924,
          "n_bins": 15
        },
        "calibrated": {
          "n": 2000,
          "ece": 0.36980630679533355,
          "brier": 0.37591312708951174,
          "nll": 1.0671910004680079,
          "n_bins": 15
        }
      },
      "classification": {
        "raw": {
          "accuracy": 0.4765,
          "auroc": 0.6180269999999999,
          "auprc": 0.521417092650106,
          "sensitivity": 0.01,
          "specificity": 0.943,
          "fn": 990,
          "fp": 57
        },
        "calibrated": {
          "accuracy": 0.4765,
          "auroc": 0.6180269999999999,
          "auprc": 0.521417092650106,
          "sensitivity": 0.01,
          "specificity": 0.943,
          "fn": 990,
          "fp": 57
        }
      }
    },
    "groupdro": {
      "name": "GroupDRO (7F)",
      "temperature": 3.6570000648498535,
      "calibration": {
        "raw": {
          "n": 2000,
          "ece": 0.42583545411002,
          "brier": 0.4277639962908632,
          "nll": 1.9138636904406343,
          "n_bins": 15
        },
        "calibrated": {
          "n": 2000,
          "ece": 0.2528521683225408,
          "brier": 0.28964144228957467,
          "nll": 0.7908201963939322,
          "n_bins": 15
        }
      },
      "classification": {
        "raw": {
          "accuracy": 0.5065,
          "auroc": 0.7128789999999999,
          "auprc": 0.6287492248988467,
          "sensitivity": 0.07,
          "specificity": 0.943,
          "fn": 930,
          "fp": 57
        },
        "calibrated": {
          "accuracy": 0.5065,
          "auroc": 0.7128789999999999,
          "auprc": 0.6287492248988467,
          "sensitivity": 0.07,
          "specificity": 0.943,
          "fn": 930,
          "fp": 57
        }
      }
    }
  },
  "high_confidence_false_negatives": [
    {
      "model": "center-strat ERM (7F)",
      "variant": "raw",
      "variant_key": "centerstrat_erm_raw",
      "confidence_threshold": 0.9,
      "n_total": 2000,
      "n_high_conf": 1827,
      "n_high_conf_false_negative": 950,
      "high_conf_false_negative_rate": 0.5199781061850027,
      "n_false_negative_total": 990,
      "fraction_of_fn_in_high_conf": 0.9595959595959596
    },
    {
      "model": "center-strat ERM (7F)",
      "variant": "raw",
      "variant_key": "centerstrat_erm_raw",
      "confidence_threshold": 0.95,
      "n_total": 2000,
      "n_high_conf": 1756,
      "n_high_conf_false_negative": 925,
      "high_conf_false_negative_rate": 0.5267653758542141,
      "n_false_negative_total": 990,
      "fraction_of_fn_in_high_conf": 0.9343434343434344
    },
    {
      "model": "center-strat ERM (7F)",
      "variant": "raw",
      "variant_key": "centerstrat_erm_raw",
      "confidence_threshold": 0.99,
      "n_total": 2000,
      "n_high_conf": 1532,
      "n_high_conf_false_negative": 784,
      "high_conf_false_negative_rate": 0.5117493472584856,
      "n_false_negative_total": 990,
      "fraction_of_fn_in_high_conf": 0.7919191919191919
    },
    {
      "model": "center-strat ERM (7F)",
      "variant": "calibrated",
      "variant_key": "centerstrat_erm_calibrated",
      "confidence_threshold": 0.9,
      "n_total": 2000,
      "n_high_conf": 779,
      "n_high_conf_false_negative": 249,
      "high_conf_false_negative_rate": 0.3196405648267009,
      "n_false_negative_total": 990,
      "fraction_of_fn_in_high_conf": 0.2515151515151515
    },
    {
      "model": "center-strat ERM (7F)",
      "variant": "calibrated",
      "variant_key": "centerstrat_erm_calibrated",
      "confidence_threshold": 0.95,
      "n_total": 2000,
      "n_high_conf": 330,
      "n_high_conf_false_negative": 40,
      "high_conf_false_negative_rate": 0.12121212121212122,
      "n_false_negative_total": 990,
      "fraction_of_fn_in_high_conf": 0.04040404040404041
    },
    {
      "model": "center-strat ERM (7F)",
      "variant": "calibrated",
      "variant_key": "centerstrat_erm_calibrated",
      "confidence_threshold": 0.99,
      "n_total": 2000,
      "n_high_conf": 21,
      "n_high_conf_false_negative": 0,
      "high_conf_false_negative_rate": 0.0,
      "n_false_negative_total": 990,
      "fraction_of_fn_in_high_conf": 0.0
    },
    {
      "model": "GroupDRO (7F)",
      "variant": "raw",
      "variant_key": "groupdro_raw",
      "confidence_threshold": 0.9,
      "n_total": 2000,
      "n_high_conf": 1572,
      "n_high_conf_false_negative": 688,
      "high_conf_false_negative_rate": 0.43765903307888043,
      "n_false_negative_total": 930,
      "fraction_of_fn_in_high_conf": 0.7397849462365591
    },
    {
      "model": "GroupDRO (7F)",
      "variant": "raw",
      "variant_key": "groupdro_raw",
      "confidence_threshold": 0.95,
      "n_total": 2000,
      "n_high_conf": 1394,
      "n_high_conf_false_negative": 571,
      "high_conf_false_negative_rate": 0.4096126255380201,
      "n_false_negative_total": 930,
      "fraction_of_fn_in_high_conf": 0.613978494623656
    },
    {
      "model": "GroupDRO (7F)",
      "variant": "raw",
      "variant_key": "groupdro_raw",
      "confidence_threshold": 0.99,
      "n_total": 2000,
      "n_high_conf": 985,
      "n_high_conf_false_negative": 333,
      "high_conf_false_negative_rate": 0.3380710659898477,
      "n_false_negative_total": 930,
      "fraction_of_fn_in_high_conf": 0.3580645161290323
    },
    {
      "model": "GroupDRO (7F)",
      "variant": "calibrated",
      "variant_key": "groupdro_calibrated",
      "confidence_threshold": 0.9,
      "n_total": 2000,
      "n_high_conf": 276,
      "n_high_conf_false_negative": 25,
      "high_conf_false_negative_rate": 0.09057971014492754,
      "n_false_negative_total": 930,
      "fraction_of_fn_in_high_conf": 0.026881720430107527
    },
    {
      "model": "GroupDRO (7F)",
      "variant": "calibrated",
      "variant_key": "groupdro_calibrated",
      "confidence_threshold": 0.95,
      "n_total": 2000,
      "n_high_conf": 44,
      "n_high_conf_false_negative": 1,
      "high_conf_false_negative_rate": 0.022727272727272728,
      "n_false_negative_total": 930,
      "fraction_of_fn_in_high_conf": 0.001075268817204301
    },
    {
      "model": "GroupDRO (7F)",
      "variant": "calibrated",
      "variant_key": "groupdro_calibrated",
      "confidence_threshold": 0.99,
      "n_total": 2000,
      "n_high_conf": 0,
      "n_high_conf_false_negative": 0,
      "high_conf_false_negative_rate": null,
      "n_false_negative_total": 930,
      "fraction_of_fn_in_high_conf": 0.0
    }
  ],
  "candidate_operating_points": [
    {
      "model": "center-strat ERM (7F)",
      "criterion": "specificity",
      "target": 0.8,
      "threshold_selected_on_id_val": 0.2608628571033478,
      "id_val_sensitivity": 0.9466666666666667,
      "id_val_specificity": 0.8,
      "id_val_fn": 12,
      "id_val_fp": 45,
      "ood_val_sensitivity": 0.021,
      "ood_val_specificity": 0.904,
      "ood_val_fn": 979,
      "ood_val_fp": 96,
      "ood_val_predicted_positive_rate": 0.0585
    },
    {
      "model": "center-strat ERM (7F)",
      "criterion": "specificity",
      "target": 0.85,
      "threshold_selected_on_id_val": 0.3063718378543854,
      "id_val_sensitivity": 0.9377777777777778,
      "id_val_specificity": 0.8533333333333334,
      "id_val_fn": 14,
      "id_val_fp": 33,